Url	Post title
https://medium.com/@rorypiant/the-root-project-ico-modern-philanthropy-taking-root-c6b483a33f87	Root Coin ICO: Merging charity and Profit
https://medium.com/the-mission/clean-energy-powered-by-blockchains-a33c179eac3c	Do blockchains hold the secret to clean energy?
https://medium.com/@altcoinio/slack-api-for-icos-de61df6448c3	Slack says it's not designed for having untrusted team members. Don't use it for ICOs!
https://medium.com/@Delphi_Markets/a-brief-tour-of-the-fair-auction-process-e38c589e11f7	A Brief Tour of the Fair Auction Process ‚Äì Delphi ‚Äì Medium
https://steemit.com/eos/@deanpress/eos-might-already-be-completely-finished	EOS might already be completely finished! ‚Äî Dean van D
https://www.coinsheet.org/coin/2017/6/1/w0d7avmc9ioq9jb48b0qi89gqcojfo-gf5mz-ezghg-f69as-4ndyc-xlg2f-79xhs-aps5t-5gaza-waatg-re4kj-tgwyr-47xxd-c5gzz-4rj8k-ffl6s-tej55-8jkbe-eetd7-zdazm-7z7bn-g47j4	Coin Sheet - July 8, 2017
https://blockchaind.net/mothership-secure-exchange-e-resident-wallet-cloud-hosting-platform/	Mothership ‚Äì Secure Exchange, E-Resident Wallet and Cloud Hosting Platform
https://www.buzzfeed.com/justinconnell/bangkok-bank-names-blockchain-startup-for-global-f-30y41	Everex.io Gathering Up the Banking Partnerships - Presale has only ONE HOUR LEFT!
https://gateway.shiftnrg.org/ipfs/QmRA8iBsHxk6J3aKhmautJvHggVrGbG6Y3turuPUACfpkv/	Bitcoin 2048, get to the Bitcoin tile! Hosted in SHIFT testnet
https://www.forbes.com/sites/robertwolcott/2017/07/07/the-coming-cryptocurrency-crash-and-why-its-a-good-thing/#31a33f0d4eed	Forbes: The Coming Cryptocurrency Crash -- And Why It's A Good Thing
https://news.bitcoin.com/vontobel-bitcoin-tracker-certificate-gaining-popularity-in-switzerland/	Vontobel Bitcoin Tracker Certificate Gaining Popularity in Switzerland
https://www.coinsheet.org/coin/2017/6/1/w0d7avmc9ioq9jb48b0qi89gqcojfo-gf5mz-ezghg-f69as-4ndyc-xlg2f-79xhs-aps5t-5gaza-waatg-re4kj-tgwyr-47xxd-c5gzz-4rj8k-ffl6s-tej55-8jkbe-eetd7-zdazm-7z7bn	Coin Sheet - July 7, 2017
https://www.arabianchain.org/index.php/en/	What's the deal with DubaiCoin? Why is it increasing so much every day?
http://moonliteco.in/?ref=c1707e4a2c0b	Moon Litecoin
https://blog.decentraland.org/intended-allocation-of-proceeds-e613bc3be1bb	Allocation of Proceeds. Decentraland is trifecta of Killer Idea, Execution and Transparency
https://medium.com/@Delphi_Markets/delphi-our-team-our-values-3fb528946ec0	Okay, I'm sold. I'm going to give Delphi a chance.
https://www.bitclave.com/	Does anyone know anything about this upcoming decentralized search that pays you to view ads?
http://imgcoin.io/	imgCoin: decentralized, blockchain-based version of Imgur. ICO coming soon?
https://medium.com/@marcelv3612/liberland-says-ok-to-okcash-4f9c6d7614ba	Liberland says OK to OKCash! ‚Äì Okcash News
https://www.reddit.com/r/ethereum/comments/6lffga/ethereum_is_processing_the_equivalent_of_nearly	Ethereum is processing the equivalent of nearly the triple of bitcoin-size transactions per day, by less than half the fees ‚Ä¢ r/ethereum
https://news.bitcoin.com/europol-bitcoin-store-of-value-legitimate-payment-method/	Europol Discusses Bitcoin as Store of Value and Payment Method With the Industry
https://www.coinsheet.org/coin/2017/6/1/w0d7avmc9ioq9jb48b0qi89gqcojfo-gf5mz-ezghg-f69as-4ndyc-xlg2f-79xhs-aps5t-5gaza-waatg-re4kj-tgwyr-47xxd-c5gzz-4rj8k-ffl6s-tej55-8jkbe-eetd7-zdazm	Coin Sheet - July 6, 2017
https://steemit.com/crypto/@jstein101/why-i-believe-pivx-is-a-top-10-coin	Why I Believe PIVX Is a Top 10 Coin
https://medium.com/@cstrange/impak-coin-token-sale-cryptocurrency-for-impact-investing-e4e9d75d657a	Crypto for good!
https://medium.com/@preethikasireddy/bitcoin-ethereum-blockchain-tokens-icos-why-should-anyone-care-890b868cec06	Bitcoin, Ethereum, Blockchain, Tokens, ICOs: Why should anyone care?
https://twitter.com/_pivx/status/882632196103778305	PIVX point of sale Terminals (PIVit) are coming! Get ready to use your PIVX at merchants!
https://www.coinsheet.org/coin/2017/6/1/w0d7avmc9ioq9jb48b0qi89gqcojfo-gf5mz-ezghg-f69as-4ndyc-xlg2f-79xhs-aps5t-5gaza-waatg-re4kj-tgwyr-47xxd-c5gzz-4rj8k-ffl6s-tej55-8jkbe-eetd7	Coin Sheet - July 5, 2017
http://www.bitcoinprice.com/bitcoin-independence-day/	Everything you need to know about 'Bitcoin Independence Day'
http://coinvotes.com/	What's your choice? I'm with Stratis
https://medium.com/@marcelv3612/okcash-sleeping-1-iot-gaming-giant-e90e93a54945	OKCash, the Giant in IoT & Gaming is awakening!
https://www.coinspeaker.com/2017/07/04/deloitte-waves-platform-shape-future-blockchain/	Good news for Waves HODLers; partnership with Deloitte announced today!
https://www.coinsheet.org/coin/2017/6/1/w0d7avmc9ioq9jb48b0qi89gqcojfo-gf5mz-ezghg-f69as-4ndyc-xlg2f-79xhs-aps5t-5gaza-waatg-re4kj-tgwyr-47xxd-c5gzz-4rj8k-ffl6s-tej55-8jkbe	Coin Sheet - July 4, 2017
https://blog.wavesplatform.com/deloitte-cis-and-waves-platform-to-shape-the-future-of-blockchain-674e17c3b067	Deloitte and Waves Platform to shape the future of blockchain
https://tolkatore.com/2017/07/02/death-of-bitcoin-and-other-cryptocurrency/	What if Bitcoin doesn't succeed?
https://blog.itnig.net/i-dont-know-any-good-ethereum-developer-that-isn-t-a-millionaire-there-s-a-gold-rush-among-6280d112e841?platform=hootsuite	I don't know any good Ethereum developer that isn't a millionaire
https://steemit.com/cryptocurrency/@durbin/wagerr-the-story-so-far-an-opinion-piece	Wagerr: The Story So Far (An opinion piece)
http://deliddedtech.com/2017/07/04/the-medias-hysteria-over-cryptocurrencys-energy-consumption-is-based-on-misinformation/	The Media‚Äôs Hysteria over Cryptocurrency‚Äôs Energy Consumption is Based on Misinformation
https://www.nxter.org/nxt-news-july-2017-i-well-done-is-better-than-well-said/	Nxter Newsletter: Easter Egg Giveaway, Events, Tips, Developments, 3rd Party Updates, and More
https://blog.link-blockchain.org/how-the-link-blockchain-content-type-system-will-work-f54add6c4cbd	How the Link Blockchain content type system will work
https://steemit.com/ethereum/@clayford08/petition-for-ethereum-on-amazon	Ethereum on Amazon? Yes Please!
https://www.reddit.com/r/CryptoCurrency/comments/6l2h46/decent_a_recently_launched_content_distribution/	DECENT, a recently launched Content Distribution Platform, already has a partnership with a company that has hundreds of millions of dollars in annual revenue.
https://www.themostprivatecoinever.com/	This Coin Overtly Makes Fun of ICOs
https://news.bitcoin.com/bank-of-thailand-relax-strict-rules-study-bitcoin/	Bank of Thailand Ordered to Relax Strict Rules and Study Bitcoin
https://steemit.com/heatledger/@theroryshow/h-e-a-t-decentralized-exchange-and-coin-heat	H.E.A.T. DEX and Cryptocurrency - Crypto 3.0
https://penisium.org/	Have you guys heard of Penisium? It's Decentralized E-Peen Capital
https://steemit.com/cryptocurrency/@sandeept/south-korea-ready-to-legalize-bitcoin	South Korea ready to legalize Bitcoin
https://steemit.com/bitcoin/@brains1ck/new-legislation-regarding-blockchain-technology-and-stock-trading-passes-in-delaware	Article I wrote on new Delaware blockchain legislation
https://www.coinsheet.org/coin/2017/6/1/w0d7avmc9ioq9jb48b0qi89gqcojfo-gf5mz-ezghg-f69as-4ndyc-xlg2f-79xhs-aps5t-5gaza-waatg-re4kj-tgwyr-47xxd-c5gzz-4rj8k-ffl6s-tej55-eegzy-hpla4	Coin Sheet - July 3, 2017
http://www.coindesk.com/swift-completes-blockchain-smart-contracts-trial/	XRP will not be used by banks for transfers. This will.
https://www.reddit.com/r/numerai/	The Numerai Subreddit Is Alive And Kicking
https://ripple.com/company/careers/all-jobs/	Ripple is Hiring!
https://medium.com/@rorypiant/why-tap-coin-ttt-aba1c30a45	Paying Gamers to Game, Tap Coin
http://www.newsbtc.com/2017/07/01/ripple-sbi-remit-siam-bank-remittance/	SBI Remit and Siam Commercial Bank Promote Remittance over Ripple Protocol
http://www.pymnts.com/news/payment-methods/2017/siam-commercial-bank-to-use-ripples-blockchain-for-remittance/	Siam Commercial Bank To Use Ripple's Blockchain
https://medium.com/@awertheim/volatility-minimizing-auction-model-for-newly-created-discretizably-fungible-assets-41121ba48820	My latest article on volatility-minimizing auctions. Feedback is welcomed üôÇ
https://medium.com/@ashtonaddison/canadas-150th-brithday-bank-of-canada-and-cryptocurrencies-2b32a2cea5c0	Canada‚Äôs 150th Birthday - Bank of Canada and Cryptocurrencies
https://www.cloudcomputing-news.net/news/2017/jun/29/how-blockchain-technologies-are-set-transform-10-industries/?utm_content=buffer0f899&utm_medium=social&utm_source=facebook.com&utm_campaign=buffer	How blockchain technology is set to change 10 industries
http://themarketmogul.com/ripple-internet-money/?hvid=4YCxgu	Why Ripple Will Dominate the Internet of Money
http://www.tokenlab.io/	Introducing TokenLab - Expanse
https://hackernoon.com/eight-simple-rules-for-protecting-your-cryptocurrency-5cdddc9f674d	Eight Simple Rules for Protecting Your Cryptocurrency
https://www.coinsheet.org/coin/2017/6/1/w0d7avmc9ioq9jb48b0qi89gqcojfo-gf5mz-ezghg-f69as-4ndyc-xlg2f-79xhs-aps5t-5gaza-waatg-re4kj-tgwyr-47xxd-c5gzz-4rj8k-ffl6s-tej55-eegzy-hnyz5	Coin Sheet - July 1, 2017
https://www.theguardian.com/technology/2017/jul/01/cryptocurrencies-mainstream-finance-bitcoin-ethereum	Are cryptocurrencies about to go mainstream? [The Guardian]
https://www.reddit.com/r/nmrtrader/comments/6kk2i2/update_on_nmr_payouts_good_news_for_investors/	Numeraire bouncing back because of a cut in data scientist rewards...
https://blockchaind.net/segwit2x-beta-review/	Segwit2x Beta Review And Issues | Blockchaind.Net
https://coinmarketcap.com/currencies/piggycoin/#charts	Why aren't you in on PIGGYcoin?
https://lbry.io/get?r=3iyDs	Early Access to LBRY
https://news.bitcoin.com/curious-dilemma-bitcoin-community-separate-ways/?utm_source=OneSignal%20Push&utm_medium=notification&utm_campaign=Push%20Notifications	The Curious Dilemma of the Bitcoin 'Community' Going Separate Ways
http://ethereumweekly.com/newsletter/no/6/	Ethereum Weekly Weekly Newsletter Issue - 6
https://www.coinsheet.org/coin/2017/6/1/w0d7avmc9ioq9jb48b0qi89gqcojfo-gf5mz-ezghg-f69as-4ndyc-xlg2f-79xhs-aps5t-5gaza-waatg-re4kj-tgwyr-47xxd-c5gzz-4rj8k-ffl6s-tej55-eegzy	Coin Sheet - June 30, 2017
https://medium.com/@joeldg/lets-write-a-cryptocurrency-bot-part-2-7adf47f5a80e	Let‚Äôs write a cryptocurrency bot. (part 2) ‚Äì Medium
http://www.investopedia.com/news/congress-bill-require-declaration-digital-currencies-us-border-bitcoin-homeland-security/	Proposed Bill Requires Travelers to Declare Bitcoin at US Border
https://coinmarketcap.com/	Coinmarketcap removed "Bitcoin Dominance" percentage at the top
https://medium.com/@nathan.burgess1/why-stratis-may-be-the-next-big-thing-4629c0038c73	Stratis - The next big thing
http://www.hollywoodreporter.com/news/life-bitcoin-documentary-gets-vidangel-distribution-1017587	'Life on Bitcoin' Documentary Gets VidAngel Distribution (Exclusive)
https://medium.com/@harshpokharna/nexus-decentralising-the-decentralised-aeafa4de7329	What I think about Nexus!
https://www.reddit.com/r/Antshares/comments/6jatgv/demystifying_the_alibaba_connection/?ref=share&ref_source=link	Alibaba & AntShares/NEO Connection!
http://www.huodongxing.com/event/7394089050200	08.07.2017 NEO Blockchain X Series [Conference Agenda]
https://www.reddit.com/r/CryptoCurrency/comments/6k8y2g/get_into_bat_whilst_it_is_still_cheap_it_will/	Get into BAT whilst it is still cheap. It will blow up this summer. Reason=fundamentals
https://www.cryptocoinsnews.com/ethereum-congested-time-start-looking-ico-platforms/	Waves as a cure for Ethereum's cold?
https://btcmanager.com/growth-in-crypto-four-benefits-for-the-global-economy/	Growth in Cryptocurrency: Four Reasons Why it Benefits the Global Financial System
https://www.dmitriys.com/coin/2017/6/1/w0d7avmc9ioq9jb48b0qi89gqcojfo-gf5mz-ezghg-f69as-4ndyc-xlg2f-79xhs-aps5t-5gaza-waatg-re4kj-tgwyr-47xxd-c5gzz-4rj8k-ffl6s-tej55	Coin Sheet - June 29, 2017
http://news.8btc.com/bitcoin-be-used-to-donate-funds-for-disaster-relief-in-sichuan-province	Bitcoin Be Used to Donate Funds for Disaster Relief in Sichuan Province
https://cointelegraph.com/news/india-top-ministerial-meeting-on-bitcoin-draws-blank	India: Top Ministerial Meeting On Bitcoin Draws Blank
https://cryptoinsider.com/moved-bitcoin-litecoin/	How and Why Yours Moved from Bitcoin to Litecoin
https://www.financemagnates.com/cryptocurrency/news/nem-foundation-opens-first-blockchain-center-malaysia/	NEM Foundation Opens First Blockchain Center in Malaysia
http://boards.4chan.org/biz/thread/2651326#p2653121	4chan made their own cryptocurrency
https://www.youtube.com/watch?v=SE9Lb14mSzc	Tezos ICO is coming up, here is a summary
https://news.bitcoin.com/revealing-digital-currency-online-horrible-idea/	Revealing Your Digital Currency Holdings Online Is a Horrible Idea
https://www.weforum.org/whitepapers/realizing-the-potential-of-blockchain/	Realizing the Potential of Blockchain [World Economic Forum {PDF}]
https://www.ethnews.com/world-economic-forum-offers-methodology-for-blockchain-governance	World Economic Forum Offers Methodology For Blockchain Governance
https://www.reddit.com/r/CryptoCurrency/comments/6k4bbh/what_do_u_guys_think_of_idiceio/	What do u guys think of idice.io
http://www.marketwatch.com/story/what-delivered-the-best-return-of-2017s-first-half-bitcoin-and-ethereum-2017-06-28	Cryptocurrencies getting attention on Marketwatch, yay!
https://www.londonfs.com/video/webCast/url/blockchains-and-distributed-ledgers	Blockchains lecture
https://www.ethnews.com/india-looks-to-blockchain-for-e-governance	India Looks To Blockchain For E-Governance
https://venturebytes.io/interviewing-jure-soklic-about-hives-ico-hvn-6fdd3be68c48	[VentureBytes] - Interview with Hive's CEO Jure Soklic
http://www3.weforum.org/docs/WEF_Realizing_Potential_Blockchain.pdf	World Economic Forum published a white paper about Cryptos
http://www.investopedia.com/news/bitcoin-cryptocurrency-debit-cards/	What Are Cryptocurrency Debit Cards? - Investopedia
https://cointelegraph.com/news/world-economic-forum-blockchain-white-paper-gets-warm-reception	World Economic Forum Blockchain White Paper Gets Warm Reception
https://news.bitcoin.com/colombia-stance-bitcoin/	Colombia Clarifies Stance on Bitcoin
https://themerkle.com/top-3-ethereum-metropolis-changes-to-look-forward-to/	Top 3 Ethereum Metropolis Changes to Look Forward to
https://www.dmitriys.com/coin/2017/6/1/w0d7avmc9ioq9jb48b0qi89gqcojfo-gf5mz-ezghg-f69as-4ndyc-xlg2f-79xhs-aps5t-5gaza-waatg-re4kj-tgwyr-47xxd-c5gzz-4rj8k-ffl6s	Coin Sheet - June 28, 2017
http://www.bitcoinisle.com/2017/06/07/sia-takes-on-cloud-giants-with-blockchain-based-decentralised-storage/	Sia takes on cloud giants with blockchain-based decentralised storage
https://cointelegraph.com/news/altcoin-zoo-top-5-tokens-with-animal-mascots	Altcoin Zoo: Top 5 Tokens With Animal Mascots
http://www.econotimes.com/NEMio-Foundation-teams-up-with-Blockchain-Global-to-drive-global-expansion-778676	NEM.io Foundation teams up with Blockchain Global to drive global expansion - EconoTimes
https://cointelegraph.com/news/crypto-massacre-why-ethereum-bitcoin-top-30-currencies-declined-in-value	Crypto Massacre: Why Ethereum, Bitcoin & Top 30 Currencies Declined in Value
http://www.valuewalk.com/2017/06/bitcoin-as-a-method-of-payment/	Why On Earth Would A Merchant Drop Bitcoin For Dash?
https://cointelegraph.com/news/unocoin-recovering-from-mystery-shutdown-moving-servers	Unocoin Recovering From Mystery Shutdown, Moving Servers
https://news.bitcoin.com/2017-collection-six-months-dank-crypto-memes/	A 2017 Collection of the Past Six Month‚Äôs Dank Crypto-Memes
https://www.ethnews.com/blockchain-technology-highlighted-in-fis-readiness-report	Blockchain Technology Highlighted In FIS Readiness Report
http://cryptojunkie.io/	üöÄüöÄ I spent my nights and weekends creating a application to make it easier to stay up to date with crypto news, please give it a try and let me know what you think
https://www.ethnews.com/property-listings-with-rexs-ethereum-based-service	Property Listings With REX‚Äôs Ethereum-Based Service
https://news.bitcoin.com/hsbc-survey-suggests-bitcoin-still-has-enormous-growth-potential/	Surveys Suggest Bitcoin Still Has Enormous Growth Potential
http://www.huffingtonpost.com/entry/is-stratis-the-most-technologically-advanced-blockchain_us_5952d3cbe4b0f078efd985b0	Is Stratis the Most Technologically Advanced Blockchain Platform?
https://www.bloomberg.com/news/articles/2017-06-27/novogratz-says-cryptocurrencies-face-monster-regulatory-risks?cmpid=socialflow-facebook-business&utm_content=business&utm_campaign=socialflow-organic&utm_source=facebook&utm_medium=social	Bitcoin Bull Novogratz Unfazed as Cyberattacks Resume Globally - Bloomberg
http://xexr.com/what-are-altcoins/	An introduction to altcoins
https://i0.wp.com/cryptorecap.com/wp-content/uploads/2017/06/btcvsEth.png?resize=768%2C495	100 day bursts BTC vs ETH
https://www.ethnews.com/pistoia-alliance-encourages-collaboration-by-big-pharma-on-blockchain-initiatives	Pistoia Alliance Encourages Collaboration By Big Pharma On Blockchain Initiatives
https://www.facebook.com/bloombergbusiness/videos/10155471854316880/	Bloomberg on BTC and ETH
https://themerkle.com/does-your-cellphone-reduce-your-cognitive-capacity/	Does Your Cellphone Reduce Your Cognitive Capacity?
http://i.imgur.com/lip7ZNN.png	Litecoin looks set to continue its course upward soon!
https://www.bleepingcomputer.com/news/security/wannacry-d-j-vu-petya-ransomware-outbreak-wreaking-havoc-across-the-globe/	WannaCry D√©j√† Vu: Petya Ransomware Outbreak Wreaking Havoc Across the Globe
http://www.zkorman.com/blockchain.html	"On Blockchain" ‚Äî Zack Korman
https://news.bitcoin.com/pakistani-economic-think-tank-argues-that-pakistani-rupee-should-mimic-bitcoin/	Pakistani Economic Think-Tank Argues That Pakistani Monetary Policy Should Mimic Bitcoin
https://themerkle.com/sustained-cyberattack-shuts-down-british-parliaments-email-service/	Sustained Cyberattack Shuts Down British Parliament‚Äôs Email Service
https://blog.lisk.io/lisk-nano-1-0-0-delegate-registration-and-voting-second-passphrase-and-forging-center-d6c1746e184f?source=rss----a8edbb4da1b3---4	Lisk Nano 1.0.0 ‚Äî Delegate Registration and Voting, Second Passphrase and Forging Center
https://blog.wavesplatform.com/waves-hosts-more-multi-million-dollar-crowdsales-8ab55566688b?source=rss----b0ce489f67c6---4	Waves hosts more multi-million-dollar crowdsales
https://cointelegraph.com/news/minereums-token-service-makes-it-possible-to-create-your-own-ethereum-token	Minereum's Token Service Makes It Possible to Create Your Own Ethereum Token
https://www.dmitriys.com/coin/2017/6/1/w0d7avmc9ioq9jb48b0qi89gqcojfo-gf5mz-ezghg-f69as-4ndyc-xlg2f-79xhs-aps5t-5gaza-waatg-re4kj-tgwyr-47xxd-c5gzz-4rj8k	Coin Sheet - June 27, 2017
https://cryptojl.wordpress.com/2017/06/27/are-cryptocurrencies-overvalued/	Are Cryptocurrencies overvalued?
https://coinidol.com/disruptive-innovation-conference-resume/	Bucharest, Romania: Blockcon - Disruptive Innovation Conference Resume
https://themerkle.com/bitjob-io-is-building-a-student-employment-program-on-the-ethereum-blockchain/	bitJob.io is Building a Student Employment Program on the Ethereum Blockchain
https://toughnickel.com/personal-finance/The-Crypto-Papers-The-Intrinsic-Value-Non-Debate	Does Cryptocurrency have an "Intrinsic Value?"
https://www.ethnews.com/tenx-token-offering-results-are-in	TenX Token Offering Results Are In
https://bittrex.com/Market/Index?MarketName=BTC-CLOAK	CloakCoin - Why did it skyrocket today while everything else is falling?
https://twitter.com/DigiByteCoin/status/879276222164762625	Digibyte (DGB) has a twitter poll asking if they should set up a foundation similar to bitcoin, go vote!
https://cointelegraph.com/news/bitcoin-shows-what-banking-should-be-american-banker	Bitcoin Shows What Banking Should Be: American Banker
https://vimeo.com/223116556	ADL News Blockchain Incubator 6-26-17 Message
https://discord.gg/GPNz8K3	Join the Etherealm Discord to discuss the ETH dippening!
http://avc.com/2017/06/the-selloff/	The Selloff
https://www.dmitriys.com/coin/2017/6/1/w0d7avmc9ioq9jb48b0qi89gqcojfo-gf5mz-ezghg-f69as-4ndyc-xlg2f-79xhs-aps5t-5gaza-waatg-re4kj-tgwyr-47xxd-c5gzz	Coin Sheet - June 26, 2017
https://cointelegraph.com/news/proof-of-vitalik-ethereums-buterin-immutably-counters-death-rumors	Proof-of-Vitalik: Ethereum‚Äôs Buterin Immutably Counters Death Rumors
https://cointelegraph.com/news/bank-executives-cautiously-optimistic-on-future-of-blockchain-american-banker-event	Bank Executives Cautiously Optimistic on Future of Blockchain: American Banker Event
https://themerkle.com/lcb-exclusive-cash-backs-the-best-terms-and-percentages-on-the-web/	LCB Exclusive Cash-Backs ‚Äì The Best Terms and Percentages on the Web
https://news.bitcoin.com/dentacoin-presale-list-2k-individuals-declared-interest/	PR: Dentacoin Presale List ‚Äì More Than 2K Individuals Declared Their Interest
https://coinidol.com/cryptobuyer-emerges-as-a-leader-in-latin-america/	Cryptobuyer Emerges as a Leader in Latin America with an Aggressive Expansion Plan
https://news.bitcoin.com/onecoin-operators-trouble-three-countries/	Onecoin Operators Get In Trouble Again In Three More Countries
https://ether.direct/2017/06/25/the-3-icos-im-watching-this-summer/	The 3 ICOs I'm Watching this Summer
https://medium.com/@eduffield222/hong-kong-research-and-planning-4206e065aa9c	Hong Kong | Research and Planning ‚Äì Evan Duffield ‚Äì Medium
http://www.nikkei.com/article/DGXLASFL26I0R_W7A620C1000000/	Infoteria demonstrates the world's first blockchain POC for shareholder voting.
https://www.reddit.com/r/CryptoCurrency/comments/6jhixl/nolimit_coin/	NoLimit Coin
http://bitcoinist.com/district0x-network-decentralized-marketplaces-communities/	District0x: Network for Decentralized Marketplaces
https://www.quora.com/How-much-are-Bitcoin-Litecoin-and-Ethereum-coins-predicted-to-be-worth-by-2020-2025-2030-etc	How much are Bitcoin, Litecoin and Ethereum coins predicted to be worth by 2020, 2025, 2030, etc.?
http://www.aircoin.tk/	Very exciting new hightech ICO is coming up.
https://themerkle.com/top-6-types-of-cybercrime-throughout-2016/	Top 6 Types of Cybercrime Throughout 2016
https://cointelegraph.com/news/another-crypto-massacre-in-the-making-big-players-subdued-by-slumps	Another Crypto Massacre in the Making? Big Players Subdued by Slumps
http://www.strawpoll.me/13281809	Which ICOs coming in the next two weeks will be most in demand? (choose up to 3)
https://coinsutra.com/litecoin-cryptocurrency/	Litecoin Cryptocurrency (LTC): Everything You Need To Know
https://www.dashforcenews.com/just-hodling-cryptocurrency-will-change-world/	Why Just "Hodling" Cryptocurrency Will Change the World
https://cointelegraph.com/news/five-reasons-why-bitcoin-is-here-to-stay	Five Reasons Why Bitcoin is Here to Stay
https://cointelegraph.com/news/ukraine-utilizing-blockchain-in-land-transfers	Ukraine Utilizing Blockchain in Land Transfers
https://www.udemy.com/cryptocurrency/?utm_medium=udemyads&k_clickid=40983fb5-fef3-45dc-80f3-4dc150317f0e_126611228&utm_source=facebook-row&utm_term=_._ag_NEW-FB-PROS-PROF-ROW-Business-Affinity-CrypCurr-EN-ENG_._ci_1223900_.__._pi_1722683404438383_._gi_all_._ai_18--65_._an_tCM05X&utm_campaign=NEW-FB-PROS-PROF-ROW-Business-CrypCurr-EN-ENG_._ci_1223900_._sl_ENG_._vi_PROF_._sd_All_._la_EN_.	You know, just in case you need more information too.
http://woolong.com/	The real world woolong, the digital currency in the Cowboy Bebop, is Ether :)
https://www.reddit.com/r/CryptoCurrency/comments/6jbla8/what_are_your_favourite_webpages_to_stay_up_to/	What are your favourite webpages to stay up to date on news?
http://bitsonline.com/visa-ethereum-engineer-experience/	VISA Looking for an Ethereum Engineer, Wants Eight Years‚Äô Experience (!)
https://www.dmitriys.com/coin/2017/6/1/w0d7avmc9ioq9jb48b0qi89gqcojfo-gf5mz-ezghg-f69as-4ndyc-xlg2f-79xhs-aps5t-5gaza-waatg-re4kj-tgwyr-47xxd-wb49x	Coin Sheet - June 24, 2017
http://mailchi.mp/cofound.it/cofoundit-weekly	Cofound.it Weekly Newspaper
https://themerkle.com/teo-is-a-consumer-robot-capable-of-ironing-your-clothes/	TEO is a Consumer Robot Capable of Ironing Your Clothes
https://cointelegraph.com/news/like-internet-blockchain-is-encroaching-into-every-part-of-human-existence	Like Internet, Blockchain is Encroaching into Every Part of Human Existence
http://hpub.org/Flimsy_Evidence_and_Fringe_Sources_Land_People_on_Secretive_Banking_Watchlist-59320/	http://hpub.org/Flimsy_Evidence_and_Fringe_Sources_Land_People_on_Secretive_Banking_Watchlist-59320/
https://blog.nem.io/wordpress-payment-gateway/	NEM: Connecting WordPress via WooCommerce to the NEM blockchain
https://coinidol.com/megawins-continues-to-pay-10000-in-rewards/	Megawins Continues to Pay ‚Ç¨10000+ in Rewards Every Month
https://www.ethnews.com/mit-students-stena-bulk-consider-blockchain-opportunity-in-the-shipping-industry	MIT Students, Stena Bulk Consider Blockchain Opportunity In The Shipping Industry
https://news.bitcoin.com/canadian-luxury-home-listed-for-sale-on-beijing-craigslist-for-1075-bitcoins/	Canadian Luxury Home Listed for Sale on Beijing Craigslist for 1,075 Bitcoins
https://cointelegraph.com/news/which-universities-are-offering-blockchain-courses	Which Universities Are Offering Blockchain Courses?
https://t.me/upcomingPumps	Is this legit?
https://medium.com/holographic-blog/introducing-holographic-decentralized-analytics-91e0e3fa0003	Introducing Holographic ‚Äî Decentralized Analytics - Read on Medium
https://steemit.com/cryptocurrency/@sandeept/are-cryptocurrencies-for-real	Are Cryptocurrencies For Real?
https://steemit.com/cryptocurrency/@sandeept/what-to-look-for-in-icos-and-token-offerings	What to Look for in ICOs and Token Offerings
https://steemit.com/ethereum/@sandeept/cracks-in-the-ethereum-ecosystem	Cracks in the Ethereum ecosystem?
https://news.bitcoin.com/18-year-old-erik-finman-bitcoin-millionaire/	18-Year Old Erik Finman Details How Bitcoin Made Him a Millionaire
https://www.crypto-news.net/the-5-rules-of-bitcoin-lending/	Let's be Bitcoin leaders!
https://blog.lisk.io/lisk-0-9-0-memory-and-logging-improvements-redis-implementation-and-block-processing-refactoring-c0ae2e0d9e04?source=rss----a8edbb4da1b3---4	Lisk 0.9.0 ‚Äî Memory and Logging Improvements, Redis Implementation and Block Processing Refactoring
https://cointelegraph.com/news/first-physical-bitcoin-blocks-minted-and-depicted-by-la-artist	First Physical Bitcoin ‚ÄúBlocks‚Äù Minted And Depicted By LA Artist
https://www.ethnews.com/piper-merriam-wants-to-rebuild-pyethereum-introduces-py-evm	Piper Merriam Wants To Rebuild PyEthereum, Introduces Py-EVM
https://steemit.com/ethereum/@mukund/why-ethereum-is-set-to-rise-despite-price-falls	Why Ethereum isn't doomed to to fail like other currencies. Thoughts?
https://news.bitcoin.com/netcents-and-visa-team-up-to-offer-bitcoin-purchases-via-credit-card/	Netcents and VISA Team up to Offer Bitcoin Purchases via Credit Card
https://cointelegraph.com/news/blockchain-to-disrupt-centuries-old-lotteries-trueflip-leading-charge	Blockchain to Disrupt Centuries-Old Lotteries, TrueFlip Leading Charge
https://cointelegraph.com/news/ethereum-set-to-eclipse-bitcoin-only-question-is-when	Ethereum Set to Eclipse Bitcoin, Only Question is When
https://www.dmitriys.com/coin/2017/6/1/w0d7avmc9ioq9jb48b0qi89gqcojfo-gf5mz-ezghg-f69as-4ndyc-xlg2f-79xhs-aps5t-5gaza-waatg-re4kj-tgwyr-47xxd	Coin Sheet - June 23, 2017
https://youtu.be/Ow3aBS45a-w	Cryptocurrency Market Update - What the market is doing now
https://cointelegraph.com/news/us-cannabis-group-denied-banking-time-for-bitcoin	US Cannabis Group Denied Banking, Time For Bitcoin?
http://www.investopedia.com/tech/6-most-important-cryptocurrencies-other-bitcoin/	Which of these crypto currencies will be more successful at the end of the year?
https://themerkle.com/this-is-a-reminder-to-check-how-well-you-protect-your-data/	This is a Reminder to Check How Well You Protect Your Data
https://www.reddit.com/r/CryptoCurrency/comments/6j0d30/can_someone_eli5_what_eos_is_is_there_any/	Can someone ELI5 what EOS is. Is there any similarities between EOS and ETH? How is it superior (or inferior) to ETH?
https://steemit.com/investing/@cerejobastos/low-cap-coins-1-equitrader-eqt-review	Equitrader Review
http://cryptomining-blog.com/8840-bitcoin-vr-a-virtual-reality-bitcoin-block-explorer/	Bitcoin VR, a Virtual Reality Bitcoin Block Explorer
https://steemit.com/cryptocurrency/@hvcrypto/bitbay-a-decentralized-marketplace-done-right	BitBay: A Decentralized Marketplace Done Right - Steemit
https://medium.com/@Join_Civil/civil-self-sustaining-journalism-a5caa49005c3	Civil: Self-Sustaining Journalism
https://jobs.smartrecruiters.com/Visa/743999653819682-blockchain-engineer?src=JB-10081	VISA Seeking Blockchain Engineer 'Experienced with Ethereum'
https://steemit.com/cryptocurrency/@koenfolkerts/12-crypto-daytraders-i-follow-on-twitter-and-who-helped-me-make-money	12 Crypto Daytraders I follow on Twitter Who Helped me MakeMoney
https://hackernoon.com/why-everyone-missed-the-most-important-invention-in-the-last-500-years-c90b0151c169	Why Everyone Missed the Most Important Invention in the Last 500 Years
https://www.ethnews.com/feds-to-target-illicit-crypto-in-2018	Feds To Target Illicit Crypto In 2018
http://www.eurasiareview.com/19062017-central-banks-are-driving-many-to-cryptocurrencies-analysis/	Central Banks Are Driving Many To Cryptocurrencies
https://themerkle.com/dnotes-co-founder-alan-yong-offers-insight-on-dnotes-strategy-and-vision-in-recent-ceocfo-interview/	DNotes Co-Founder Alan Yong Offers Insight on DNotes Strategy and Vision in Recent CEOCFO Interview
https://cointelegraph.com/news/altcoin-horoscope-does-your-zodiac-sign-have-its-own-cryptocurrency	Altcoin Horoscope: Does Your Zodiac Sign Have Its Own Cryptocurrency?
http://grsgiveaway.com/r/25096496114323822	Groestlcoin is giving away 50,000 of their cryptocoins.
https://themerkle.com/kik-messsengers-kin-digital-currency-what-we-know-so-far/	Kik Messsenger‚Äôs Kin Digital Currency ‚Äì What We Know So Far
https://www.dashforcenews.com/cryptocurrency-coffee-shop-challenge/	The Cryptocurrency "Coffee Shop Challenge"
https://cointelegraph.com/news/amazons-6000-percent-1990s-growth-still-beats-bitcoin-ethereum	Amazon‚Äôs 6,000 Percent 1990s Growth Still Beats Bitcoin, Ethereum
https://www.xfccoin.io/footballcoin-ico/	950BTC invested in this new altcoin. Last 24hours of ICO. Anybody know anything about it and if it's worth investing?
https://www.dmitriys.com/coin/2017/6/1/w0d7avmc9ioq9jb48b0qi89gqcojfo-gf5mz-ezghg-f69as-4ndyc-xlg2f-79xhs-aps5t-5gaza-waatg-re4kj-tgwyr	Coin Sheet - June 22, 2017
http://www.prnewswire.com/news-releases/author-and-dnotes-co-founder-alan-yong-offers-insight-on-dnotes-vision-and-strategy-in-recent-ceocfo-interview-300477746.html?lipi=urn%3Ali%3Apage%3Ad_flagship3_feed%3BoXHzGz0RSWCaO7VsIOAaOg%3D%3D	DNotes Co-Founder Alan Yong Offers Insight on DNotes' Vision and Strategy
https://steemit.com/steem/@demotruk/steem-beats-blockchain-world-record-646-711-transactions-in-one-day	Steem Beats Blockchain World Record: 646,711 Transactions In One Day
https://blog.lisk.io/tokensummit-2017-through-the-eyes-of-a-non-developer-9122cbe7cb23?source=rss----a8edbb4da1b3---4	Tokensummit 2017 through the eyes of a non-developer
https://cointelegraph.com/news/ethereum-dives-to-10-cent-prices-as-network-panics	Ethereum Dives To 10 Cent Prices As Network Panics
https://coinidol.com/is-blockchain-really-the-future-of-energy/	Is Blockchain Really the Future of Energy?
http://thefintechtimes.com/blockchain-innovation-ownership/	From Blockchain Innovation to Ownership
https://steemit.com/eos/@eosio/logically-consistent-principles-for-token-distributions	Logically Consistent Principles for Token Distributions
http://www.propellah.net/2017/06/22/blockchain-leaders-erik-voorhees-and-peter-smith-at-factory-berlin/	Blockchain Leaders ‚Äì Erik Voorhees and Peter Smith at Factory Berlin
http://tokenguide.com/06-21-17-market	Week In Tokens: 13 June - 21 June. List of open pre-sales, successful token sales, upcoming ico's for the next week.
https://blog.coinbase.com/in-q3-were-going-to-focus-on-the-fundamentals-986efbb1b1d0?source=rss----c114225aeaf7---4	In Q3 we‚Äôre going to focus on the fundamentals
https://themerkle.com/are-icos-helping-or-hurting-ethereum/	Are ICOs Helping or Hurting Ethereum?
http://ethereumbuyer.com/2017/06/22/crazy-ethereum-price-action/	A Crazy Day Which MEANS Hold On To Ethereum For Dear Life
https://ripple.com/insights/the-internet-of-value-what-it-means-and-how-it-benefits-everyone/	The Internet of Value: What It Means and How It Benefits Everyone
https://www.cryptoninjas.net/2017/06/21/quantave-enters-closed-beta-unified-cryptocurrency-liquidity-gateway/	Quantave enters closed beta for unified cryptocurrency liquidity gateway
https://cointelegraph.com/news/time-has-come-for-blockchainless-technology-iotas-david-s%C3%B8nsteb%C3%B8	Time Has Come For Blockchainless Technology: IOTA‚Äôs David S√∏nsteb√∏
https://news.bitcoin.com/bitcoin-data-center-infuriates-montana-locals/	State-Funded Bitcoin Data Center Infuriates Montana Locals
https://blog.wavesplatform.com/beer-for-waves-at-ruig-drinks-and-bites-591b14b2fc22?source=rss----b0ce489f67c6---4	Beer for WAVES at RUIG Drinks and Bites
http://www.cnbc.com/2017/06/21/israeli-blockchain-companies-that-shoot-for-the-stars.html	Israeli blockchain companies that shoot for the stars
https://cointelegraph.com/news/are-your-chats-really-private-reasons-to-switch-to-blockchain-based-messenger	Are Your Chats Really Private? Reasons to Switch to Blockchain-Based Messenger
https://steemit.com/ignis/@the-future/get-free-ignis-tokens-while-you-are-holding-nxt-better-to-get-in-sooner-than-later	Remember you will get 0.5 ignis for every nxt you hold. Make sure to have an official wallet.
https://www.reddit.com/r/CryptoCurrency/comments/6ilu3a/digibytes_dgb_jared_and_team_were_asked_to_be_on/	Digibyte's (DGB) Jared and team were asked to be on citi's panel
https://blog.wavesplatform.com/upcoming-icos-on-waves-81a49b8232b8?source=rss----b0ce489f67c6---4	Upcoming ICOs on Waves
https://coinsutra.com/stratis-cryptocurrency-strat/	Stratis Cryptocurrency (STRAT) Everything You Need To Know
https://www.dmitriys.com/coin/2017/6/1/w0d7avmc9ioq9jb48b0qi89gqcojfo-gf5mz-ezghg-f69as-4ndyc-xlg2f-79xhs-aps5t-5gaza-waatg-re4kj	Coin Sheet - June 21, 2017
https://coinjournal.net/former-mycelium-employee-quit-token-sale-funds-used-vacation/	Former Mycelium Employee Quit After Token Sale Funds Were Used for Vacation
http://bitsonline.com/lemmings-bitcoin-segwit-2/	Bitcoin Lemmings Saved by Segwit2X?
https://blog.bancor.network/this-analysis-of-bancor-is-flawed-18ab8a000d43	Bancor does a lengthy rebuttal of Emin Gun Sirer's criticisms
https://medium.com/unchained-reports/bancor-unchained-all-your-token-are-belong-to-us-d6bb00871e86	Just stumbled upon this. Didn't get in. Was happy about the extension. Then realized whats happening.
https://cointelegraph.com/news/how-blockchained-are-you-quiz	How Blockchained are you? Quiz
https://cointelegraph.com/news/snapchats-pioneer-jeremy-liew-bitcoin-is-where-investors-want-to-be	Snapchat‚Äôs Pioneer Jeremy Liew: Bitcoin Is Where Investors ‚ÄòWant‚Äô To Be
https://cryptoinsider.com/indorse-decentralized-professional-network-rewards-powered-ethereum/	Indorse, a Decentralized Professional Network With Rewards, Powered by Ethereum
https://steemit.com/vitalik/@noganoo/an-interview-with-vitalik-buterin-founder-of-ethereum-exclusively-on-steemit-6-21-2017	Interview with Vitalik Buterin!
https://mobile.nytimes.com/2017/06/19/business/dealbook/ethereum-bitcoin-digital-currency.html?smprod=nytcore-iphone&smid=nytcore-iphone-share&referer=	Move Over, Bitcoin. Ether Is the Digital Currency of the Moment.
http://www.investopedia.com/news/ripple-cryptocurrency-aims-make-global-assets-liquid/	Ripple Cryptocurrency Aims to Make Global Assets Liquid
https://www.ethnews.com/microsoft-azure-and-accenture-aid-id2020-partnership-with-enterprise-ethereum-alliance	Microsoft Azure And Accenture Aid ID2020 Partnership With Enterprise Ethereum Alliance
https://github.com/holographicio/awesome-token-sale	Awesome Token Sale - Curated list of token sale resources (please contribute)
https://coinsutra.com/waves-cryptocurrency/	Waves Cryptocurrency (WAVES): Everything You Need To Know
https://www.ethnews.com/tabb-report-indicates-growing-interest-in-blockchain-among-custodian-banks	TABB Report Indicates Growing Interest In Blockchain Among Custodian Banks
http://www.razor-forex.com/2017/06/uk-broker-plus500-offers-ripple.html	UK Broker Plus500 Offers Ripple Cryptocurrency CFDs to 150k+ Traders
http://cryptomining-blog.com/8831-crypto-ping-telegram-crypto-monitoring-bot/	Crypto Ping Telegram Crypto Monitoring Bot
https://cointelegraph.com/news/blockchain-best-for-creative-artists-seeking-recognition	Blockchain Best for Creative Artists Seeking Recognition
https://themerkle.com/liqui-vs-yobit-vs-livecoin/	Liqui vs YoBit vs Livecoin
https://news.bitcoin.com/contactless-smart-card-system-japan-bitcoin-hardware-wallets/	Most Popular Contactless Smart Cards in Japan Adding Bitcoin Hardware Wallets
https://themerkle.com/a-look-at-crypviser-messenger/	A Look at Crypviser Messenger
https://themerkle.com/sweden-trials-nfc-implants-for-public-transportation/	Sweden Trials NFC Implants for Public Transportation
http://coinpedia.org/information/how-cryptocurrency-work/	How does a cryptocurrency works?
https://www.dmitriys.com/coin/2017/6/1/w0d7avmc9ioq9jb48b0qi89gqcojfo-gf5mz-ezghg-f69as-4ndyc-xlg2f-79xhs-aps5t-5gaza-waatg	Coin Sheet - June 20, 2017
https://blog.wavesplatform.com/introducing-goodshare-efc881746733?source=rss----b0ce489f67c6---4	Introducing GoodShare
https://cointelegraph.com/news/while-ethereum-surges-ethereum-classic-plays-the-dark-horse	While Ethereum Surges, Ethereum Classic Plays The Dark Horse
https://bitcointalk.org/index.php?topic=1840789.msg19588935#msg19588935	[NEWS] Crypto Whale Gets Big Into Viacoin
https://www.nxter.org/nxt-news-june-2017-iii/	Nxter Newsletter - Nxt Wiki Updates, Project Updates, ARDR:CNY, Media Mentions, Giveaways, and More
http://www.toastycoin.com/	Introducing Toastycoin. Incentivize service providers to find you!
https://coinmarketcap.com/assets/iconomi/	Iconomi (ICN) has been going up and i have not seen any posts about it.
https://mobile.nytimes.com/2017/06/19/business/dealbook/ethereum-bitcoin-digital-currency.html?_r=0&referer=	Move Over, Bitcoin. Ether Is the Digital Currency of the Moment. - NYTimes.com
http://www.costacoin.com/	crypto currency
http://blockchaind.net/segwit2x-uasf-upcoming-drama/	Segwit2x, UASF and the Upcoming Drama | Blockchaind.Net
https://gcn.com/articles/2016/12/22/nist-quantum-encryption.aspx?m=1	Qrl
https://www.quora.com/unanswered/Where-can-I-buy-a-1-000-strike-price-of-EOY-Ethereum-call-options-for-10-a-coin	Ethereum call options
http://www.msn.com/en-us/money/markets/move-over-bitcoin-ether-is-the-rising-digital-currency/ar-BBCUjfq?ocid=spartandhp	NY Times coverage of Ethereum
https://www.reddit.com/r/CryptoCurrency/comments/6iaf4t/cofoundit_cfi_is_now_trading_on_bittrex/	Cofound.it (CFI) is now trading on Bittrex!
https://www.reddit.com/r/ethtrader/comments/6h571q/mysterium_a_decentralized_vpn_application_the/	Mysterium: a decentralized VPN application, the first one on the Ethereum platform. First mover and huge potential to disrubt the current VPN space, interesting IMO
https://news.bitcoin.com/hycm-offers-bitcoin-usd-pairing/	HYCM Offers Bitcoin-USD Pairing
http://www.livebitcoinnews.com/blockchain-will-revolutionize-consumer-electronics-industry/	How The Blockchain Will Revolutionize The Consumer Electronics Industry
https://www.nytimes.com/2017/06/19/business/dealbook/ethereum-bitcoin-digital-currency.html?smid=tw-share	"real-world use of the network is still scant"
https://thefinanser.com/2017/06/crazy-world-crypto-currencies-icos.html/	The crazy world of crypto currencies and ICOs
https://www.wageth.com/	Win Ether by outbidding rival hodlers
https://news.bitcoin.com/malaysian-bitcoin-users-divest-carefully-into-ltc-and-eth/	Malaysian Bitcoin Users Divest Carefully Into LTC and ETH
http://www.ibtimes.co.uk/sia-takes-cloud-giants-blockchain-based-decentralised-storage-1625126?utm_campaign=soficalflowtwitter	Sia takes on cloud giants with blockchain-based decentralised storage
http://hackingdistributed.com/2017/06/19/bancor-is-flawed/	Bancor Is Flawed
http://www.ceocfointerviews.com/interviews/DNotesGlobal17.htm	CEO CFO Magazine Interview with Alan Yong, Co-Founder & CEO DNotes Global Inc.
https://basicattentiontoken.org/	BasicAttentionToken(BAT)
https://www.bloomberg.com/news/articles/2017-06-15/digital-coins-are-so-hot-they-re-selling-them-like-an-ipo?cmpid=socialflow-twitter-business&utm_content=business&utm_campaign=socialflow-organic&utm_source=twitter&utm_medium=social	Digital Coins Are So Hot, Startups Are Selling Them Like an IPO
https://steemit.com/cryptocurrency/@deanpress/antshares-from-china-the-highest-potential-and-most-undervalued-crypto-currency-on-the-market	Antshares from China: The Highest Potential & Most Undervalued Crypto-Currency on the Market
http://factomize.com/the-flippening-will-not-be-btc-eth-it-will-be-btc-fct-as-fct-will-become-a-global-store-of-value/	The "Flippening" will not be BTC-ETH, but BTC-FCT
http://bitcoinaze.com/getting-bitcoin-game-starter/	Getting into the Bitcoin Game as a Starter
https://cointelegraph.com/news/bitcoin-trial-sees-no-customers-millionaire-says-cash-is-enough-india	Bitcoin Trial Sees No Customers, Millionaire Says Cash is Enough: India
https://btcmanager.com/litecoin-supplanting-bitcoin-as-the-cypherpunk-cryptocurrency/	Litecoin: Supplanting Bitcoin as the Cypherpunk Cryptocurrency?
http://www.coindesk.com/cryptocurrency-rebound-market-correction/	OMG, What do u think about steady desline and growing of cryptocurrency???
https://themerkle.com/a-severed-undersea-internet-cable-can-bring-bitcoin-to-its-knees/	A Severed Undersea Internet Cable Can Bring Bitcoin to its Knees
https://news.bitcoin.com/feecon-2017-principles-free-society-bitcoin/	Feecon 2017: Bolstering the Principles of a Free Society and Bitcoin
https://blog.wavesplatform.com/icohub-preliminary-voting-results-f4cb019ddd2d?source=rss----b0ce489f67c6---4	ICOhub ‚Äî preliminary voting results
https://www.reddit.com/r/CryptoCurrency/comments/6i6ltw/antshares_or_litecoin/	Antshares or Litecoin?
https://news.bitcoin.com/australian-tells-story-of-throwing-away-hard-drive-hosting-1400-bitcoins/	Australian Tells Story of Throwing Away Hard Drive Hosting 1400 Bitcoins
https://www.dmitriys.com/coin/2017/6/1/w0d7avmc9ioq9jb48b0qi89gqcojfo-gf5mz-ezghg-f69as-4ndyc-xlg2f-79xhs-aps5t-5gaza	Coin Sheet - June 19, 2017
https://cointelegraph.com/news/es-will-explore-blockchain-potential-for-industrial-transformations	E–° Will Explore Blockchain Potential For Industrial Transformations
https://blog.bitssa.com/the-rise-of-bitcoin/	The Rise of bitcoin
https://medium.com/@Elegant_Joylin/monaco-card-puting-papel-fb5b541ea43c	Monaco Card Puting Papel
https://blogtienao.com/leocoin-la-gi/	LEOcoin l√† g√¨
https://medium.com/@Elegant_Joylin/bancor-network-token-bnt-kontribusyon-at-mga-alituntunin-sa-paglikha-ng-token-f177c4d9a4a3	Bancor Network Token (BNT) Kontribusyon at mga Alituntunin sa Paglikha ng Token
https://medium.com/@Elegant_Joylin/crypviser-ay-magiging-live-facebook-10-hunyo-2017-53cd822bf4ea	Crypviser ay magiging LIVE @Facebook 10 Hunyo 2017
https://medium.com/@Elegant_Joylin/ang-21-million-na-proyekto-517b582e3120	Ang 21 Million na Proyekto
https://twitter.com/BrownnnEU/status/876562778705809413	HUGE news for Siacoin found in a leaked article
https://steemit.com/cryptocurrency/@h3i/big-risk-big-loss	Big risk - Big loss
https://themerkle.com/iexec-vs-golem-vs-sonm/	iEXEC vs Golem vs SONM
https://market-ticker.org/post=232141	Karl writes Bitcoin Obituary #138
https://venturebeat.com/2017/06/18/why-blockchains-fail-and-decentralization-succeeds/	Why blockchains fail and decentralization succeeds
https://news.bitcoin.com/celebrities-discuss-subject-bitcoin-optimism/	Celebrities Continue to Discuss the Subject of Bitcoin With Optimism
http://www.newsbtc.com/2017/06/18/indian-blockchain-startup-audience-farm-enters-adtech-space/	Indian Blockchain Startup Audience Farm Enters AdTech Space
http://www.strawpoll.me/13221559	Which ICOs coming in the next two weeks will be most in demand? (choose up to 3)
https://www.dashforcenews.com/made-realize-bitcoin-heading-split/	What Made Me Realize Bitcoin Is Heading For a Split
https://cointelegraph.com/press-releases/octanox-fixing-interoperability-in-the-cryptocurrency-space	Octanox: Fixing Interoperability In the Cryptocurrency Space
http://www.learncryptoinvesting.com/happy-fathers-day/	Happy Father's Day!
https://cointelegraph.com/news/ethereum-classic-used-to-fight-ticket-touts	Ethereum Classic Used To Fight Ticket Touts
https://cointelegraph.com/news/ethereum-blockchain-used-by-united-nations-for-sending-aid-to-syria	Ethereum Blockchain Used By United Nations For Sending Aid to Syria
https://bitcointalk.org/index.php?topic=1684854.0	üåü‚ñà [WTS] EDU GH | AHS | VL | TC Event | Amazon AWS Promotional Credits ‚ñàüåü
https://pbs.twimg.com/media/DCizyFvUQAAkgbT.jpg:large	I VOTED :D
http://www.newsbtc.com/2017/06/18/blockchain-threat-well-opportunity-conventional-accountants/	Blockchain, a Threat as Well as an Opportunity for Conventional Accountants
https://steemit.com/blockchain/@elutzen/origin-of-hodl	Origin of Hodl -- a typo in a forum
https://nemflash.io/nemchina-global-blockchain-conference-chengdu/	NEMChina at Global Blockchain Conference in Chengdu
http://etherworld.co/topic/38/coinbase-on-ethereum-testnet-with-token/3	Token Hackathon Winners
https://steemit.com/litecoin/@elutzen/litecoin-is-the-better-bitcoin	Litecoin is the better Bitcoin
http://www.discovericoinpro.com/DerekP12	Top Cryptocurrency Education platform iCoin Pro puts you ahead of the game!
https://news.bitcoin.com/japanese-capsule-hotels-bitcoin/	Popular Japanese Capsule Hotels Embracing Bitcoin
http://www.concon.com/	ConCoin - The most dangerous cryptocurrency in the world‚Ñ¢
https://www.cryptoninjas.net/2017/06/15/singapores-quoine-introduces-crypto-crypto-platform/	Singapore‚Äôs QUOINE introduces crypto to crypto only platform
https://www.dmitriys.com/coin/2017/6/1/w0d7avmc9ioq9jb48b0qi89gqcojfo-gf5mz-ezghg-f69as-4ndyc-xlg2f-79xhs-aps5t	Coin Sheet - June 17, 2017
https://cryptoflipping.com/possible-future-of-mooncoin/	Article about the possible future of mooncoin. üåô
https://www.reddit.com/r/BATProject/comments/6hurpx/message_from_brendan_wikhow_archiveorg_on_board/	Message from Brendan: Wikhow / Archive.org on board ‚Ä¢ r/BATProject
https://cointelegraph.com/news/banking-giants-start-to-use-blockchain-technology-to-backup-data-process-transactions	Banking Giants Start to Use Blockchain Technology to Backup Data & Process Transactions
http://www.nasdaq.com/article/the-intersection-of-social-media-and-the-blockchain1-cm790707	Steem Dollars on Nasdaq.com
https://squawker.org/technology/amazon-endgame-cashless-society/	The Amazon Endgame: A Cashless Society - Squawker
http://allaboutcryptocoins.com/top-20-cryptocurrencies-and-their-usespurpose/	Top 20 cryptocurrencies and their use
https://news.bitcoin.com/ignore-the-states-coming-blockchain-grab-be-a-happy-anarchist/	Ignore the State‚Äôs Coming Blockchain Grab. Be Happy Libertarians
https://themerkle.com/top-4-ways-to-speed-up-your-bitcoin-transaction/	Top 4 Ways to Speed Up Your Bitcoin Transaction
https://cointelegraph.com/news/venezuelans-continue-to-seek-refuge-in-bitcoin-other-cryptocurrencies	Venezuelans Continue to Seek Refuge in Bitcoin, Other Cryptocurrencies
https://news.bitcoin.com/legality-of-basic-attention-token-and-other-icos-called-into-question/	Legality of Basic Attention Token and Other ICOs Called Into Question
https://news.bitcoin.com/second-annual-coinsbank-blockchain-cruise-massive-success/	Second Annual Coinsbank Blockchain Cruise ‚ÄòMassive Success‚Äô
https://blog.zensystem.io/what-makes-zen-different/	What Makes ZenCash Different
http://allaboutcryptocoins.com/top-10-cryptocurrencies-and-their-usespurpose/	Top 10 Cryptocurrencies and their use or purpose
https://medium.com/@cseberino/when-absolutely-no-one-can-steal-or-return-lost-ethereum-classic-funds-bce296774e69	When Absolutely No One Can Steal Or Return Lost Ethereum Classic Funds
https://cryptoflipping.com/the-possible-future-of-digibyte/	The Possible Future of Digibyte
https://medium.com/@bitcoinoptimist/litecoin-breakout-6-16-17-595112c5c102	Litecoin Breakout 6/16/17
https://slack-files.com/T04U9QBS8-F5W2AKW9L-dd4e422409	SiaCoin obelisk coming soon.
http://investorplace.com/2017/06/facebook-inc-fb-fear-social-media-kingslayer/#.WUSEdmjytdg	Steem Dollars Facebook Killer
https://www.ethnews.com/vlad-zamfirs-take-on-sharding	Vlad Zamfir‚Äôs Take On Sharding
https://bravenewcoin.com/news/blockchain-the-age-of-maturity/	The age of maturity! Our team's approach to blockchain and the way we are building with it
https://www.ethnews.com/isaca-praises-blockchain-technology	ISACA Praises Blockchain Technology
http://cryptomining-blog.com/8812-the-cryptonomos-platform-and-the-giga-watt-wtt-token/	The Cryptonomos Platform and the Giga Watt (WTT) Token
https://themerkle.com/the-public-sector-is-embracing-bitcoin-and-the-blockchain/	The Public Sector is Embracing Bitcoin and the Blockchain
http://www.mixerbitcoin.com/	Fast & Easy Bitcoin Mixer, try it!
https://themerkle.com/logitech-created-a-wireless-charging-mousepad-that-makes-wireless-gaming-a-reality/	Logitech Created a Wireless Charging Mousepad that Makes Wireless Gaming a Reality
https://crypto556.wordpress.com/2017/06/16/a-bill-has-been-introduced-that-may-change-bitcoin-as-we-know-it/	Congress just dropped a major bomb on Bitcoin
https://www.dashforcenews.com/reminder-digital-cash-doesnt-need-a-digital-bank/	Reminder: Digital Cash Doesn't Need a Digital Bank
http://www.newsbtc.com/2017/06/16/bitcoin-ethereum-tech-stocks-fall/	Fallling Prices, Bitcoin Accompanied by Ethereum and Tech Stocks
https://steemit.com/blockchain/@clayford08/where-do-cryptocurrencies-get-their-value-ponzi-scheme-or-cutting-edge	Where Do Cryptocurrencies Get Their Value?
https://medium.com/the-quantum-resistant-ledger/preparing-for-a-post-quantum-world-blockchain-and-technology-3fb4af6e88bb	The world is about to be transformed. The near future will be shaped by innovative vision and determined resiliency. Would love your input.
https://themerkle.com/the-p2p-world/	The P2P World
https://www.dmitriys.com/coin/2017/6/1/w0d7avmc9ioq9jb48b0qi89gqcojfo-gf5mz-ezghg-f69as-4ndyc-xlg2f-79xhs-f99jc-wwseh-krt8j-7cy6d-kc8re	Coin Sheet - June 16, 2017
https://cointelegraph.com/news/microsofts-buchner-bitmain-has-zero-clue-about-decentralization	Microsoft‚Äôs Buchner: Bitmain ‚ÄúHas Zero Clue‚Äù About Decentralization
https://coinidol.com/space-strategy-game-valerian-universe/	Get Free Bitcoin and HYPER Just for Playing Space Strategy Game Valerian Universe
https://cointelegraph.com/news/we-need-more-blockchain-companies-in-remittance-sector-heres-why	We Need More Blockchain Companies in Remittance Sector, Here‚Äôs Why
https://www.reddit.com/r/CryptoCurrency/comments/6hlx4n/what_do_you_guys_think_of_belacoin_bela/	What do you guys think of belacoin? (bela)
https://news.bitcoin.com/1-in-4-uk-drug-users-have-purchased-narcotics-via-dark-web-marketplaces-in-the-last-year/	1 in 4 UK Drug Users Have Purchased Narcotics via Dark Web Marketplaces in the Last Year
https://news.bitcoin.com/pr-idice-innovative-online-casino-history/	PR: iDice: The Most Innovative Online Casino in History
https://coinidol.com/enhancing-the-value-of-history-with-zendao/	Enhancing the Value of History with ZenDao
https://cryptoinsider.com/remaining-ifs-buts-bitcoin/	The Remaining ‚ÄòIfs and Buts‚Äô About Bitcoin
http://cryptomining-blog.com/8807-asrock-h110-pro-btc-with-13-gpus-under-windows-and-linux/	AsRock H110 Pro BTC+ With 13 GPUs Under Windows and Linux
http://www.marketwatch.com/story/stay-away-from-bitcoin-its-complete-garbage-2017-06-15?link=sfmw_fb	Haters are gonna hate.
https://wirexapp.com/blog/important-note-unverified-card-limits/	From 2500 to 250, fiat limits reduced by 10x. The war on cash is global.
https://youtu.be/F9cqkdx1Llo	Aeternity Blockchain Explainer Video
https://www.forbes.com/sites/rogeraitken/2017/06/15/iotas-bitfinex-listing-surges-to-1-5b-record-breaking-crypto-capitalization-on-market-debut/#693e22175a5a	IOTA gains more and more attention
https://blog.iota.org/the-transparency-compendium-26aa5bb8e260	The Transparency Compendium ‚Äì IOTA
https://www.thecipherbrief.com/article/exclusive/why-virtual-currencies-are-potential-strategic-threat-1089	Why Virtual Currencies are a Potential Strategic Threat
https://www.coinexchange.io/market/BULLS/BTC	$BULLS coin about to spike, anyone know anything about it?
https://forum.nem.io/t/nem-fee-adjustments/3832/8	NEM is gearing up to change their fees!
https://steemit.com/cryptocurrency/@djaqua91/a-z-of-cryptocurrency-guide-for-anyone-to-get-started-and-familiar-with-cryptocurrencies	A-Z of Cryptocurrency for newbies and veterans alike
http://mutualspring.co.uk/blog/combining-community-complementary-currencies-cryptocurrencies	A blog considering the synergies of cryptocurrency and local community currency
http://www.coindesk.com/aig-launches-blockchain-pilot-multinational-insurance/	Is IBM blockchain bad for bitcoin and others?
https://www.reddit.com/r/CryptoCurrency/comments/6hde6d/bitcoin_and_major_altcoins_are_plummting_did/	Bitcoin and major Altcoins are plummting. Did something happen?
http://ethereumbuyer.com/2017/06/15/fear-and-risk-in-ethereum/	How Fear Will Give You Pain In Owning Ethereum
http://bitsonline.com/bitmain-plans-hard-fork-august/	Mining Giant "Bitmain" Announces a Hard Fork Plan to Stop UASF
https://news.bitcoin.com/australian-leader-wants-to-use-government-to-stop-bitcoin-and-cryptocurrency/	Australian Opposition Leader Believes Bitcoin is Fueling Terrorism
http://bitsonline.com/rodman-potcoin-north-korea/	Dennis Rodman and PotCoin Go to North Korea. Yes, Really.
http://www.coindesk.com/australian-politician-calls-bitcoin-scrutiny-fight-terrorism/	Australian Politician Calls for Bitcoin Scrutiny in Fight Against Terrorism
https://urbancrypto.com/ethereum-network-101-series-a-introduction-to-the-ethereum-network/	Ethereum Network 101 Series A - Introduction to the Ethereum Network | Urban Crypto
https://reason.com/blog/2017/06/13/new-hampshire-exempts-bitcoin-and-other	So, what's NH like this time of year?
https://www.ethnews.com/foodblockchain-xyz-to-track-supply-chains-with-ethereum-blockchain	Foodblockchain XYZ To Track Supply Chains With Ethereum Blockchain
https://btcmanager.com/an-introduction-to-cryptoeconomics/	An Introduction to Cryptoeconomics
https://www.inc.com/brian-d-evans/blockchain-tech-company-sia-siacoin-could-disrupt-dropbox-and-amazon.html	Blockchain Tech Company Sia (Siacoin) Could Disrupt Dropbox and Amazon
https://medium.com/topl-blog/friedman-the-blockchain-and-the-coming-monetary-revolution-bcac04227f43	Friedman, the Blockchain, and the Coming Monetary Revolution
https://cointelegraph.com/news/thomson-reuters-to-embrace-blockchain-friendly-data	Thomson Reuters to Embrace Blockchain-Friendly Data
https://bitcointalk.org/index.php?topic=1965622.msg19559048#msg19559048	I'm looking for altcoin team members
https://www.tradingview.com/chart/LTCBTC/hklu2k3z-LTC-CORE-MELT-INITIATED/	Litecoin Core Melt Initiated
http://bit-news.com/marijuana-growers-turn-to-bitcoin/	Cannabis Growers Turn to Bitcoin
https://themerkle.com/us-intelligence-agencies-experiment-with-ai-spies-to-replace-human-counterparts/	US Intelligence Agencies Experiment With AI Spies to Replace Human Counterparts
https://blog.golemproject.net/on-competition-technology-and-prices-or-why-we-do-not-speak-about-the-others-b3d40adbb994?source=rss----cdb21c6c853---4	On Competition, Technology, and Prices, or, Why We Do Not Speak About The Others
https://themerkle.com/blockchain-for-business/	Blockchain for Business
https://themerkle.com/freewallet-org-users-see-outbound-transactions-redirected-to-unknown-addresses/	FreeWallet.org Users See Outbound Transactions Redirected to Unknown Addresses
https://cointelegraph.com/news/bitcoin-is-better-money-ethereum-is-really-not-vinny-lingham	Bitcoin is Better Money, Ethereum is Really Not: Vinny Lingham
https://themerkle.com/us-scientists-use-magnetic-nanoparticles-to-clean-contaminated-water-sources/	US Scientists Use Magnetic Nanoparticles to Clean Contaminated Water Sources
https://www.dmitriys.com/coin/2017/6/1/w0d7avmc9ioq9jb48b0qi89gqcojfo-gf5mz-ezghg-f69as-4ndyc-xlg2f-79xhs-f99jc-wwseh-krt8j	Coin Sheet - June 14, 2017
https://pbs.twimg.com/media/DCR5oMlXcAAfEHP.jpg	Stratis available on HITBTC soon
https://www.bloomberg.com/news/articles/2017-06-13/pot-entrepreneurs-look-to-bitcoin-as-big-banks-stay-on-sidelines	Bitcoin Is Helping the Pot Business Get Over Its Banking Problem
https://coinidol.com/kyrgyzstan-to-issue-cryptocurrency/	First Country Of The Eurasian Economic Union To Issue Its Own Cryptocurrency
https://steemit.com/steemit/@noisy/video-token-summit-panel-discussion-with-brendan-eich-brave-ned-scott-steemit-simon-de-la-rouviere-consensys-and-maciej-olpinski	[Video] Token Summit - Panel discussion with Brendan Eich (Brave), Ned Scott (Steemit), Simon De La Rouviere (Consensys), and Maciej Olpinski (Userfeeds)
https://cryptoinsider.com/zeronet-promising-step-toward-decentralized-web/	ZeroNet Is a Promising Step Toward the Decentralized Web
https://coinidol.com/the-blockchain-cruise/	The Blockchain Cruise
https://www.xrpchat.com/topic/5203-ripples-big-demo-and-why-you-missed-the-big-deal/?do=findComment&comment=49357	Ripple's big demo, and why you missed the big deal
http://www.livebitcoinnews.com/assessment-health-ripples-network-research-study/	Assessment of the "Health" of Ripple's Network - A Research Study
https://www.reddit.com/r/CryptoCurrency/comments/6h5wha/who_are_some_great_people_to_follow_for_newsinfo/	Who are some great people to follow for news/info of Cryptocurrencies?
https://blog.bitmain.com/en/uahf-contingency-plan-uasf-bip148/	UAHF: A contingency plan against UASF (BIP148) - blog.bitmain.com
https://blog.sia.tech/growing-pains-8e7b01c56f7e	Growing Pains ‚Äì Sia Blog
http://www.nemchina.com/archives/3834.html	NEM meets you in Chengdu
http://ethereumbuyer.com/2017/06/14/ethereum-number-one-currency/	The Time is Ticking as Ethereum looks to Become the #1 Crypto-Currency
https://www.ethnews.com/idfpr-finds-digital-currencies-are-not-considered-money	IDFPR Finds Digital Currencies Are Not Considered Money
https://news.bitcoin.com/the-hidden-reason-behind-bitcoins-increasing-fees-darknet-mixers/	The Hidden Reason Behind Bitcoin‚Äôs Increasing Fees: Darknet Mixers
http://electronics360.globalspec.com/article/8924/digital-vaults-for-mortgage-documentation	[Factom] Digital Vaults for Mortgage Documentation
http://money.cnn.com/2017/06/13/technology/dennis-rodman-north-korea-potcoin/	PotCoin: Dennis Rodman's North Korea trip is backed by digital currency for weed
https://pivx.org/pivxpress-the-roadmap-s1e2/	PIVX: PIVXpress: The Roadmap (S1E2)
https://qz.com/1003609/bitcoins-soaring-price-means-mt-gox-could-pay-its-debts-and-drw-wants-to-help/	Bankrupt Mt. Gox may soon be able to pay its creditors
http://mashable.com/2017/06/13/dennis-rodman-north-korea-potcoin/	Mashable: Dennis Rodman's latest trip to North Korea is sponsored by PotCoin
https://bitcointalk.org/index.php?topic=1965400.0	The tipping coins: Artbyte, Doge, Redd
http://www.nasdaq.com/g00/article/what-could-blockchain-technology-mean-for-photography-cm802750?i10c.referrer=http%3A%2F%2Fc.newsnow.co.uk%2FA%2F889690004%3F-34138%3A23204%3A0	What Could Blockchain Technology Mean For Photography?
https://news.bitcoin.com/crypviser-chronobank-efficient-collaboration/	CrypViser and ChronoBank ‚Äì Efficient Collaboration
https://bitcoinmagazine.com/articles/ether-price-analysis-bubble-will-pop-not-just-yet/	‚Ä™Ether Price Analysis: The Bubble Will Pop ‚Äî But Not Just Yet‚Ä¨
http://www.altcointoday.com/scott-dylan-writer-jun-12-2017-1040-est-future-singapore-tokenizes-fiat-currency-blockchain/	Singapore Tokenizes Fiat Currency On the Blockchain- what do you guys think this means for ETH?
https://cointelegraph.com/news/how-soon-blockchain-technology-will-change-currency-as-we-know-it	How Soon Blockchain Technology Will Change Currency As We Know It
https://www.stellar.org/blog/tokens-on-stellar/	Anyone Can Create Tokens on Stellar - Same as Bancor/Ethereum
https://www.nxter.org/nxt-news-june-2017-ii-vision-without-execution-is-just-hallucination/	Nxter Newsletter - Ignis Logo, Project Updates, Media Mentions, Voting Video, and More
https://themerkle.com/mit-researchers-experiment-with-parallel-autonomy-solution-for-self-driving-cars/	MIT Researchers Experiment With Parallel Autonomy Solution for Self-driving Cars
http://cryptomining-blog.com/8803-biostar-tb250-btc-pro-motherboard-to-offer-12-pci-e-slots/	Biostar TB250-BTC PRO Motherboard to Offer 12 PCI-E Slots
https://cointelegraph.com/news/network-costs-bite-as-localbitcoins-introduces-deposit-fees	Network Costs Bite As LocalBitcoins Introduces Deposit Fees
https://www.cryptoninjas.net/2017/06/13/localbitcoins-com-introduces-deposit-fees/	LocalBitcoins.com introduces deposit fees
https://www.dmitriys.com/coin/2017/6/1/w0d7avmc9ioq9jb48b0qi89gqcojfo-gf5mz-ezghg-f69as-4ndyc-xlg2f-79xhs-f99jc-wwseh	Coin Sheet - June 13, 2017
https://coinidol.com/bitcoin-slows-down-ethereum-goes-turbo/	While Bitcoin Slows Down Ethereum Goes Turbo
https://cointelegraph.com/news/crypto-conservation-ecobits-30-year-plan-shows-blockchain-means-business	Crypto-Conservation: EcoBit‚Äôs 30-Year Plan Shows Blockchain Means Business
https://bitcointalk.org/index.php?topic=1962536.0	Can somebody link to rebuttals for these arguments of Ethereum being a SCAM?
https://news.bitcoin.com/goldman-sachs-covering-bitcoin/	Popular Demand Spurs Goldman Sachs to Start Covering Bitcoin
https://news.bitcoin.com/dentacoin-first-blockchain-concept-global-dental-industry-exclusive-hard-capped-presale-1st-july-2017/	Dentacoin: The First Blockchain Concept for the Global Dental Industry With an Exclusive Hard-Capped Presale
https://medium.com/@emer.tech/polybius-bank-the-biggest-story-of-the-year-in-the-cryptocurrency-realm-634c9b1db57	Polybius Bank ‚Äî the biggest story of the year in the cryptocurrency realm
https://blog.wavesplatform.com/icohub-voting-starts-today-6dc7f11196fe?source=rss----b0ce489f67c6---4	ICOhub voting starts today!
http://www.coindesk.com/flippening-will-ether-pass-bitcoin-will-mean/	The #Flippening: Will Ether 'Pass' Bitcoin And What Would It Mean?
https://cryptoinsider.com/byzantine-fault-tolerance-blockchain-systems/	On Byzantine Fault Tolerance in Blockchain Systems
http://beta.ourmedian.com/files/1567	This white paper focuses on the existing tangling techniques of ‚Äúshared send‚Äù transactions and presents an approach to detect usage of mixing schemes.
http://www.newsbtc.com/2017/06/12/israeli-banks-can-legally-refuse-service-bitcoin-cryptocurrency-companies/	Israeli Banks Can Legally Refuse Service to Bitcoin and Cryptocurrency Companies
https://kaula.jp/category/news-en/	Kaula Inc. + Atrris Corporation use Factom for record management system - fctxmr
https://cryptotrader.blog/2017/06/13/is-it-too-late-to-get-into-bitcoinaltcoins/	Is it too late to get into Bitcoin/altcoins? (blog post)
https://youtu.be/zmhPG7e3lFE?t=49m22s	Midnight Discovery - A social collective for mastering ICOs
https://www.cryptoninjas.net/2017/06/12/bnp-paribas-bny-mellon-join-chamber-digital-commerce/	BNP Paribas and BNY Mellon join the Chamber of Digital Commerce
https://discord.gg/xj9t2Vr	Interested in MoonCoin? Join our discord group!
http://www.cnn.com/2017/06/12/politics/hfr-dennis-rodman-north-korea/index.html	Dennis Rodman heading to North Korea (WEARS POTCOIN SHIRT)
https://www.ethnews.com/bancor-token-offering-breaks-140-million	Bancor Token Offering Breaks 140 Million
https://news.bitcoin.com/digital-money-exploded-bitcoin/	The Rise of Digital Money Has Exploded Since Bitcoin‚Äôs Creation
https://cablegram.io/	A blogging platform that pays cryptocurrency to writers
https://article.wn.com/view/WNATb0afab91fd2a5ecacb119282ed06279b/	Belacam, An Instagram Competitor That is Growing Exponentially
https://www.reddit.com/r/CryptoCurrency/comments/6gui0w/coinbase_down_while_ethereum_drops_is_this_a/	Coinbase down while ethereum drops is this a coincidence or are they locking people out on purpose?
https://www.reddit.com/r/ECurrencyCoin/	I just made a new reddit for this coin, need some help with Admin stuff and such, thanks!
https://cointelegraph.com/news/bitcoin-increasing-fees-what-does-it-mean-for-startups	Bitcoin Increasing Fees: What Does It Mean For Startups?
https://themerkle.com/japanese-conglomerate-explores-the-concept-of-ai-driven-self-steering-cargo-ships/	Japanese Conglomerate Explores the Concept of AI-driven Self-steering Cargo Ships
https://www.reddit.com/r/CryptoCurrency/comments/6gtb2n/bancor_breaks_most_successful_crowdfunding_152m/	Bancor breaks most successful CrowdFunding @ 152m Ethereum
https://medium.com/@WhalePanda/i-was-wrong-about-ethereum-804c9a906d36	I was wrong about Ethereum
http://www.coindesk.com/coin-center-lawmakers-blockchain-startups-best-advised-leave-us/	Blockchain Startups Are Best Advised to Leave US
https://coinidol.com/poland-is-embracing-bitcoin-and-blockchain-technologies/	Poland is Moving Towards Embracing Bitcoin and Blockchain Technologies
https://cointelegraph.com/news/bitcoin-takes-beating-in-israel	Bitcoin Takes Beating in Israel
https://cointelegraph.com/news/bancor-an-innovative-token-sale	Bancor - An Innovative Token Sale
https://coinidol.com/the-first-islamic-bank-to-use-blockchain-technology/	The First Islamic Bank to Use Blockchain Technology
https://themerkle.com/a-day-of-protest-to-demonstrate-against-the-fccs-net-neutrality-decision/	A Day of Protest to Demonstrate Against the FCC‚Äôs Net Neutrality Decision
https://themerkle.com/power-struggle-between-bitcoin-and-ethereum-continues/	Power Struggle Between Bitcoin and Ethereum Continues
https://blog.wavesplatform.com/waves-at-bitcoin-talks-ukraine-8ab5423bee58?source=rss----b0ce489f67c6---4	Waves at Bitcoin Talks Ukraine
https://coinjournal.net/future-bitcoin-conference-unveils-speaker-lineup-agenda/	The Future Of Bitcoin Conference Unveils Speaker Lineup And Agenda
https://themerkle.com/scientists-want-to-regulate-and-hold-ai-accountable-to-stop-it-from-taking-over/	Scientists Want to Regulate and Hold AI Accountable to Stop it From Taking Over
https://cointelegraph.com/news/ethereum-blockchain-bloat-could-reach-1tb-in-2017	Ethereum ‚ÄòBlockchain Bloat‚Äô Could Reach 1TB In 2017
https://cointelegraph.com/news/bitcoin-loses-crypto-dominance-position-startups-eye-altcoins	Bitcoin Loses Crypto Dominance Position, Startups Eye Altcoins
https://themerkle.com/dcorp-and-derivatives/	DCORP and Derivatives
https://www.reddit.com/r/CryptoCurrency/comments/6gqyj8/thoughts_on_status_token_coin_snt/	Thoughts on Status Token Coin (SNT) ?
https://cryptoinsider.com/blockchains-lesser-known-cool-vendors/	Blockchain‚Äôs Lesser Known ‚ÄòCool Vendors‚Äô
https://medium.com/@joeldg/an-advanced-tutorial-a-new-crypto-currency-trading-bot-boilerplate-framework-e777733607ae	Let‚Äôs write a cryptocurrency bot. ‚Äì Medium
https://news.bitcoin.com/bitcoin-mines-in-chinese-province-sichuan-allegedly-forced-to-shut-down/	Bitcoin Mines in Chinese Province Sichuan Allegedly Forced to Shut Down
https://blog.bancor.network/bernard-lietaer-joins-bancor-protocol-foundation-as-chief-monetary-architect-2ff9d06e8e01	Chief architect of the Euro joins Bancor as their Chief Monetary Architect
https://venturebeat.com/2017/06/11/why-ethereum-is-outpacing-bitcoin/	Why Ethereum is outpacing Bitcoin - Jack du Rose, Colony
https://themerkle.com/data-scientists-use-artificial-intelligence-to-predict-suicide-attempts/	Data Scientists use Artificial Intelligence to Predict Suicide Attempts
https://steemit.com/bitcoin/@aaronmda/tokens-that-are-doing-well-during-this-altcoin-massacre	Tokens that are doing well during this altcoin massacre ‚Äî Steemit
https://themerkle.com/gamestop-alerts-customers-about-potential-credit-card-information-theft/	GameStop Alerts Customers About Potential Credit Card Information Theft
https://www.facebook.com/compcointech/posts/1795256397422175	Compcoin - What do you think?
https://www.linkedin.com/pulse/laymans-attempt-make-sense-cryptocurrencies-zaid-mahomedy	A layman's attempt to make sense of cryptocurrencies
https://steemit.com/cryptocurrency/@ernests/top-10-cryptocurrencies-and-their-seo-growth	TOP 10 Cryptocurrencies and their SEO growth.
http://currypto.club/	Currypto - The premium cryptocurrency information service
https://themerkle.com/top-5-ways-to-shill-a-cryptocurrency/	Top 5 Ways to Shill a Cryptocurrency
http://ethereumbuyer.com/2017/06/11/the-reason-ethereum-will-continue-to-surprise-the-world/	The Reason Ethereum Will Continue to Surprise the World
https://www.ethnews.com/the-coming-age-of-digital-collectibles-cryptopunks	The Coming Age Of Digital Collectibles: CryptoPunks
https://medium.com/@coin_and_peace/yes-they-absolutely-could-but-a-big-part-of-collection-is-whether-others-also-find-it-valuable-caceb3d2eb54?source=rss-6dbf5c7f63f3------2	Yes they absolutely could but a big part of collection is whether others also find it valuable.
http://www.zerohedge.com/news/2017-06-10/ethereum-price-surges-over-300-has-cryptocurrency-asset-class-arrived	BTC, LTC, ETH... Oh my
https://www.tradingview.com/chart/LTCUSD/VWi2is2w-One-of-the-last-LTC-entry-points-for-awhile/	Get LTC before it's too late!
https://hardwaresfera.com/bitshares-sigue-subiendo-ethereum-zcash-pasan-los-300-valoracion/	Bitshares continue go up and Ethereum y Zcash pass the 300$ of valuation
